title,content
üé¨ Breaking Entertainment News!,"In a cinematic revelation, the highly anticipated film ""Whispers in the Shadows"" has just been unveiled, promising an unparalleled cinematic journey. Renowned director Emma Harper helms the project, featuring an ensemble cast led by seasoned actors Jake Thompson, Zoe Rodriguez, and Emily Chen.

""Whispers in the Shadows"" is poised to redefine storytelling with its blend of mystery, suspense, and groundbreaking visual effects. The tightly guarded plot has piqued curiosity and stirred excitement among eager film enthusiasts.

Director Emma Harper shared her enthusiasm, stating, ""This film is a testament to the power of storytelling, a captivating exploration of the human psyche and the unknown. Audiences can anticipate a visceral experience that will resonate long after the credits roll.""

The film's production team spared no expense, collaborating with acclaimed cinematographer Adrian Martinez and renowned composer Olivia Wright to craft a visually stunning and emotionally evocative masterpiece.

""Whispers in the Shadows"" is scheduled for a global release on December 15th, with fans already buzzing with anticipation. Social media is ablaze with discussions about the movie's cryptic teaser, fueling speculation and excitement.

Industry insiders express confidence that ""Whispers in the Shadows"" will not only dominate the box office but also leave an indelible mark on cinematic history. Brace yourselves for a thrilling cinematic odyssey that promises to captivate audiences worldwide! üçø‚ú® #WhispersInTheShadows #CinematicRevelation"
Hot Off the Press: Cinematic Sensation Unveiled!,"Prepare for a visual feast as the electrifying film ""Solaris Ascendant"" takes center stage, directed by the visionary talent, Ava Thompson. The stellar cast, including the charismatic Mark Turner, the versatile Olivia Foster, and the enigmatic Ethan Ramirez, promises an unforgettable cinematic experience.

""Solaris Ascendant"" is set to redefine the boundaries of imagination with its blend of futuristic intrigue and spellbinding visual effects. The storyline, shrouded in secrecy, has sparked fervent anticipation and speculation among eager film aficionados.

Director Ava Thompson shared her excitement, stating, ""This film is a thrilling journey into the uncharted realms of science fiction, a tapestry of emotions and discovery. Audiences can expect an immersive experience that will linger in their minds.""

The film's production team, in collaboration with the renowned cinematographer Maya Patel and the award-winning composer Alex Griffin, has spared no effort in creating a visually stunning and emotionally resonant masterpiece.

Scheduled for a global release on January 28th, ""Solaris Ascendant"" has ignited a social media frenzy with its mind-bending teaser trailer. Fans are already counting down the days, predicting that the film will become a landmark in cinematic history.

Industry insiders are buzzing with anticipation, confident that ""Solaris Ascendant"" will not only dominate the box office but also leave an enduring legacy in the world of cinema. Buckle up for a cosmic adventure that promises to transport audiences to new dimensions! üöÄüçø #SolarisAscendant #CinematicRevolution"
"Film Frenzy Unleashed: ""Rhapsody of the Cosmos"" Hits the Screens!","Hold onto your seats as the much-anticipated film ""Rhapsody of the Cosmos"" bursts onto the cinematic scene, directed by the maestro behind the lens, Alex Reynolds. Starring the dynamic trio of Emma Sterling, Liam Anderson, and Sarah Chen, this cinematic gem is poised to captivate audiences worldwide.

""Rhapsody of the Cosmos"" promises to redefine visual storytelling, seamlessly blending cosmic spectacle with heartfelt drama. The tightly guarded plot has set the industry abuzz with speculation, drawing eager anticipation from movie enthusiasts.

Director Alex Reynolds expressed enthusiasm, stating, ""This film is a celebration of the awe-inspiring beauty of the universe and the human spirit. Audiences can expect a mesmerizing journey that transcends space and time, leaving an indelible mark on their hearts.""

The film's production team, in collaboration with acclaimed cinematographer Jordan Hayes and the gifted composer Sophia Ramirez, spared no expense to create a cinematic masterpiece that is both visually stunning and emotionally resonant.

Set for a global release on February 10th, ""Rhapsody of the Cosmos"" has already ignited a social media frenzy with its ethereal teaser trailer. Fans are buzzing with excitement, anticipating a cinematic experience that promises to be out of this world.

Industry insiders predict that ""Rhapsody of the Cosmos"" will not only dominate the box office but also become a landmark in cinematic achievement. Get ready for a cosmic symphony that will transport audiences to the far reaches of imagination! üååüçø #RhapsodyOfTheCosmos #CinematicSpectacle"
"Cinematic Marvel Unveiled: ""Ephemeral Enigma"" Takes Center Stage!","Get ready for a visual spectacle as the much-anticipated film ""Ephemeral Enigma"" hits theaters, directed by the creative virtuoso, Maya Rodriguez. Boasting a stellar cast including the charismatic Max Turner, the versatile Lily Parker, and the enigmatic Javier Morales, this cinematic marvel is set to enthrall audiences.

""Ephemeral Enigma"" promises to redefine storytelling, seamlessly blending mystery, fantasy, and breathtaking visual effects. The intricately woven plot has stirred anticipation and sparked fervent discussions among cinephiles eagerly awaiting its release.

Director Maya Rodriguez shared her excitement, stating, ""This film is a journey into the mystical and the unknown, a tapestry of enigmas that will captivate the imagination. Audiences can expect an immersive experience that challenges perceptions and leaves them spellbound.""

The film's production team, in collaboration with acclaimed cinematographer Mia Thompson and the renowned composer Ethan Davis, spared no effort to create a cinematic masterpiece that is both visually stunning and emotionally resonant.

Scheduled for a global release on March 15th, ""Ephemeral Enigma"" has already generated a buzz on social media with its enigmatic teaser trailer. Fans are eagerly counting down the days, predicting that the film will be a standout in the world of cinema.

Industry insiders anticipate that ""Ephemeral Enigma"" will not only dominate the box office but also become a conversation starter, leaving an indelible mark on the cinematic landscape. Brace yourselves for a journey into the unknown that promises to be a cinematic tour de force! üåüüçø #EphemeralEnigma #CinematicMarvel"
"Spectacular Unveiling: ""Chronicles of Lumina"" Illuminates the Silver Screen!","Prepare for a visual feast as the highly anticipated film ""Chronicles of Lumina"" graces cinemas, directed by the visionary storyteller, Olivia Harper. Featuring an ensemble cast led by the dynamic duo, Ethan Hayes and Isabella Rodriguez, this cinematic spectacle promises to transport audiences to a mesmerizing world of fantasy and adventure.

""Chronicles of Lumina"" aims to redefine cinematic storytelling, seamlessly blending mythical landscapes with cutting-edge visual effects. The intriguing narrative has fueled anticipation and sparked a wave of excitement among eager film enthusiasts.

Director Olivia Harper shared her enthusiasm, stating, ""This film is an exploration of magic, bravery, and the enduring power of hope. Audiences can expect an immersive journey that transcends reality and delves into the extraordinary.""

The film's production team, in collaboration with the acclaimed cinematographer Lucas Bennett and the maestro composer Ava Thompson, spared no expense to create a visual masterpiece that is both enchanting and emotionally resonant.

Scheduled for a global release on April 5th, ""Chronicles of Lumina"" has already captivated audiences with its enchanting teaser trailer, generating a buzz on social media. Fans are counting down the days, eagerly anticipating a cinematic experience that promises to be nothing short of magical.

Industry insiders predict that ""Chronicles of Lumina"" will not only dominate the box office but also leave a lasting imprint on the fantasy genre. Get ready to embark on a magical journey as ""Chronicles of Lumina"" illuminates the silver screen! ‚ú®üçø #ChroniclesOfLumina #CinematicMagic"
"Epic Odyssey Unleashed: ""Reverie Realms"" Takes Audiences on a Thrilling Adventure!","Hold onto your seats as the much-anticipated film ""Reverie Realms"" graces theaters, directed by the imaginative visionary, Gabriel Martinez. Featuring a stellar cast led by the dynamic pairing of Sophia Reynolds and Jackson Liu, this cinematic masterpiece promises a rollercoaster of emotions and a journey into the extraordinary.

""Reverie Realms"" aims to redefine storytelling, seamlessly blending elements of fantasy, mystery, and heartwarming drama. The plot, carefully shrouded in secrecy, has set tongues wagging and anticipation soaring among avid film aficionados.

Director Gabriel Martinez expressed his excitement, stating, ""This film is a heartfelt exploration of dreams, courage, and the power of the human spirit. Audiences can expect an immersive experience that transcends the boundaries of reality and fantasy.""

The film's production team, in collaboration with the esteemed cinematographer Emma Carter and the gifted composer Noah Davis, spared no effort to create a visual spectacle that is both visually captivating and emotionally resonant.

Scheduled for a global release on May 20th, ""Reverie Realms"" has already generated considerable buzz with its emotionally charged teaser trailer, sparking discussions and excitement across social media platforms. Fans are eagerly awaiting a cinematic adventure that promises to be both thrilling and poignant.

Industry insiders predict that ""Reverie Realms"" will not only dominate the box office but also leave an enduring impact on audiences, solidifying its place as a cinematic gem. Get ready for an epic odyssey as ""Reverie Realms"" takes audiences on an unforgettable adventure! üåüüçø #ReverieRealms #CinematicAdventure"
"Riveting Revelation: ""Quantum Paradox"" Promises Mind-Bending Cinematic Brilliance!","Get ready for a mind-bending journey as the highly anticipated film ""Quantum Paradox"" hits theaters, directed by the brilliant storyteller, Harper Anderson. Starring an ensemble cast led by the charismatic duo, Mia Bennett and Oliver Harper, this cinematic marvel is set to challenge perceptions and ignite the imagination.

""Quantum Paradox"" aims to redefine cinematic boundaries, seamlessly blending science fiction, mystery, and thrilling suspense. The intricately crafted plot has become the talk of the town, sparking intrigue and anticipation among cinephiles.

Director Harper Anderson shared his excitement, stating, ""This film is an exploration of the infinite possibilities that lie within the realms of science and human curiosity. Audiences can expect a mind-bending experience that will keep them on the edge of their seats.""

The film's production team, in collaboration with the visionary cinematographer Liam Foster and the renowned composer Ava Thompson, spared no expense to create a visual masterpiece that is both intellectually stimulating and emotionally resonant.

Scheduled for a global release on June 15th, ""Quantum Paradox"" has already generated a buzz with its thought-provoking teaser trailer, sparking discussions and speculation across social media platforms. Fans are gearing up for a cinematic experience that promises to be a brilliant blend of science and storytelling.

Industry insiders predict that ""Quantum Paradox"" will not only dominate the box office but also become a conversation starter, leaving an indelible mark on the genre. Brace yourselves for a riveting revelation as ""Quantum Paradox"" unfolds its mysteries on the big screen! üåÄüçø #QuantumParadox #CinematicBrilliance"
"Uncharted Territories Await: ""Stellar Echoes"" Emerges as Cinematic Spectacle!","Embark on a cosmic journey as the much-anticipated film ""Stellar Echoes"" graces the silver screen, directed by the visionary filmmaker, Isabella Thompson. Featuring an ensemble cast led by the captivating duo, Noah Evans and Olivia Ramirez, this cinematic odyssey promises a tapestry of interstellar wonders and emotional resonance.

""Stellar Echoes"" seeks to redefine storytelling, seamlessly blending elements of space exploration, human connection, and breathtaking visuals. The plot, carefully guarded and intriguing, has sparked anticipation and curiosity among cinephiles.

Director Isabella Thompson expressed her excitement, stating, ""This film is a voyage into the unknown, a celebration of the human spirit's resilience against the backdrop of the cosmos. Audiences can expect an emotional and visually stunning experience that transcends the boundaries of space.""

The film's production team, collaborating with the esteemed cinematographer Lucas Hayes and the gifted composer Mia Rodriguez, spared no effort to create a visual spectacle that captures the awe-inspiring beauty of the cosmos.

Scheduled for a global release on July 10th, ""Stellar Echoes"" has already created ripples with its cosmic teaser trailer, sparking discussions and excitement across social media platforms. Fans are eagerly anticipating a cinematic adventure that promises to be both visually mesmerizing and emotionally evocative.

Industry insiders predict that ""Stellar Echoes"" will not only dominate the box office but also become a landmark in space-themed cinema. Prepare for an unforgettable journey as ""Stellar Echoes"" unfolds its cosmic wonders on the big screen! üååüçø #StellarEchoes #CinematicOdyssey"
"Mesmerizing Melodies and Magical Realms: ""Harmony of Enchantment"" Hits Theaters!","Prepare for an enchanting experience as the highly awaited film ""Harmony of Enchantment"" graces the big screen, directed by the spellbinding artist, Aria Morgan. Starring an ensemble cast led by the charismatic pairing of Ethan Hartman and Lily Chen, this cinematic masterpiece promises a symphony of emotions and magical realms.

""Harmony of Enchantment"" aspires to redefine cinematic storytelling, seamlessly blending fantasy, music, and heartwarming drama. The intricately woven plot has captivated audiences' imaginations, sparking eager anticipation and speculation.

Director Aria Morgan shared her enthusiasm, stating, ""This film is a celebration of the transformative power of music and the allure of magical worlds. Audiences can expect a visually stunning and emotionally resonant experience that transcends reality.""

The film's production team, in collaboration with the visionary cinematographer Ava Hayes and the acclaimed composer Oliver Foster, spared no expense to create a visual and auditory masterpiece.

Scheduled for a global release on August 5th, ""Harmony of Enchantment"" has already struck a chord with audiences through its mesmerizing teaser trailer, igniting discussions and excitement across social media platforms. Fans are gearing up for a cinematic symphony that promises to be a feast for the senses.

Industry insiders predict that ""Harmony of Enchantment"" will not only captivate audiences but also leave an enduring mark on the genre. Brace yourselves for a magical journey as ""Harmony of Enchantment"" weaves its spellbinding tale on the silver screen! üé∂üçø #HarmonyOfEnchantment #CinematicMagic"
"Beyond Boundaries: ""Quantum Reverie"" Unleashes a Cinematic Revolution!","Get ready for a mind-bending adventure as the highly anticipated film ""Quantum Reverie"" makes its debut, directed by the groundbreaking visionary, Leo Chang. Starring an ensemble cast led by the dynamic pairing of Ava Chen and Max Reynolds, this cinematic spectacle promises to push the boundaries of imagination and reality.

""Quantum Reverie"" seeks to redefine cinematic storytelling, seamlessly blending elements of quantum physics, suspense, and breathtaking visuals. The intricately layered plot has sparked fervent anticipation and discussions among cinephiles.

Director Leo Chang expressed his excitement, stating, ""This film is an exploration of the infinite possibilities within the quantum realm, a journey into the unknown. Audiences can expect a visually stunning and intellectually stimulating experience that challenges conventional narratives.""

The film's production team, collaborating with the visionary cinematographer Mia Thompson and the innovative composer Ethan Harper, spared no effort to create a visual masterpiece that is both captivating and intellectually engaging.

Scheduled for a global release on September 15th, ""Quantum Reverie"" has already generated buzz with its thought-provoking teaser trailer, sparking discussions and speculation across social media platforms. Fans are gearing up for a cinematic revolution that promises to be a thrilling and thought-provoking experience.

Industry insiders predict that ""Quantum Reverie"" will not only dominate the box office but also be a catalyst for discussions on the intersection of science and storytelling. Brace yourselves for a journey beyond boundaries as ""Quantum Reverie"" unfolds its groundbreaking narrative on the silver screen! üåÄüçø #QuantumReverie #CinematicRevolution"
